{
    "model": "Transformer",
    "accuracy": 0.7228915662650602,
    "roc_auc": 0.7327272727272727,
    "pr_auc": 0.7640155157362079,
    "brier": 0.19605275005000744
}