{
    "model": "Transformer",
    "accuracy": 0.5903614457831325,
    "roc_auc": 0.6327272727272727,
    "pr_auc": 0.7113835214148289,
    "brier": 0.23067372516618237
}