{
    "model": "Transformer",
    "accuracy": 0.6144578313253012,
    "roc_auc": 0.7375757575757576,
    "pr_auc": 0.7372656688716682,
    "brier": 0.22536647355933587
}