{
    "model": "Transformer",
    "accuracy": 0.7349397590361446,
    "roc_auc": 0.7321212121212122,
    "pr_auc": 0.7459014322744849,
    "brier": 0.20592966761700723
}