{
    "model": "Transformer",
    "accuracy": 0.7228915662650602,
    "roc_auc": 0.7157575757575758,
    "pr_auc": 0.7295724521630429,
    "brier": 0.20747088778131
}