{
    "model": "Transformer",
    "accuracy": 0.6265060240963856,
    "roc_auc": 0.6775757575757575,
    "pr_auc": 0.7060517999158596,
    "brier": 0.22065033846337367
}