{
    "model": "Transformer",
    "accuracy": 0.6626506024096386,
    "roc_auc": 0.7109090909090908,
    "pr_auc": 0.748362682338104,
    "brier": 0.2105393418133447
}