{
    "model": "Transformer",
    "accuracy": 0.6987951807228916,
    "roc_auc": 0.7090909090909091,
    "pr_auc": 0.7501009783918772,
    "brier": 0.21110517126331257
}