{
    "model": "Transformer",
    "accuracy": 0.7108433734939759,
    "roc_auc": 0.7393939393939394,
    "pr_auc": 0.7722991328555522,
    "brier": 0.2035799777835661
}