{
    "model": "LSTM/GRU",
    "accuracy": 0.6867469879518072,
    "roc_auc": 0.7175757575757575,
    "pr_auc": 0.7719835352337332,
    "brier": 0.21300647249736665
}