{
    "model": "LSTM/GRU",
    "accuracy": 0.6867469879518072,
    "roc_auc": 0.7187878787878788,
    "pr_auc": 0.766020455854509,
    "brier": 0.22001913548996238
}