{
    "model": "LSTM/GRU",
    "accuracy": 0.7228915662650602,
    "roc_auc": 0.730909090909091,
    "pr_auc": 0.749194298460589,
    "brier": 0.21485878322462923
}