{
    "model": "LSTM/GRU",
    "accuracy": 0.6746987951807228,
    "roc_auc": 0.7109090909090909,
    "pr_auc": 0.770561991738991,
    "brier": 0.2184032343488007
}