{
    "model": "LSTM/GRU",
    "accuracy": 0.6506024096385542,
    "roc_auc": 0.7133333333333333,
    "pr_auc": 0.7427529758310758,
    "brier": 0.2168159097385723
}