{
    "model": "LSTM/GRU",
    "accuracy": 0.6867469879518072,
    "roc_auc": 0.7303030303030302,
    "pr_auc": 0.7848517317984531,
    "brier": 0.2005135680380316
}