{
    "model": "LSTM/GRU",
    "accuracy": 0.6144578313253012,
    "roc_auc": 0.6309090909090909,
    "pr_auc": 0.7087396623619333,
    "brier": 0.22711968278179276
}