{
    "model": "LSTM/GRU",
    "accuracy": 0.7469879518072289,
    "roc_auc": 0.743030303030303,
    "pr_auc": 0.7624107097984965,
    "brier": 0.21547168957568819
}