{
    "model": "LSTM/GRU",
    "accuracy": 0.6867469879518072,
    "roc_auc": 0.7145454545454546,
    "pr_auc": 0.7638675927705213,
    "brier": 0.21281178238442067
}