{
  "test_auc": 0.7163636363636363,
  "test_accuracy": 0.6024096385542169,
  "test_pr_auc": 0.7859283166867315,
  "test_brier": 0.24450652748860927
}