{
  "test_auc": 0.6981818181818182,
  "test_accuracy": 0.4939759036144578,
  "test_pr_auc": 0.7707858343976168,
  "test_brier": 0.24926675248854532
}