{
  "test_auc": 0.7115151515151515,
  "test_accuracy": 0.5542168674698795,
  "test_pr_auc": 0.7646321777423021,
  "test_brier": 0.2434587555453516
}