{
  "test_auc": 0.7175757575757575,
  "test_accuracy": 0.6024096385542169,
  "test_pr_auc": 0.7809885984901409,
  "test_brier": 0.22523458356195095
}