{
  "test_auc": 0.7187878787878789,
  "test_accuracy": 0.6024096385542169,
  "test_pr_auc": 0.7838989643533213,
  "test_brier": 0.21914784773965573
}