{
  "test_auc": 0.7103030303030302,
  "test_accuracy": 0.6024096385542169,
  "test_pr_auc": 0.7370552383423842,
  "test_brier": 0.23771223856565143,
  "best_val_auc": 0.700281425891182,
  "epochs_trained": 12
}