{
    "model": "LightGBM",
    "accuracy": 0.7108433734939759,
    "roc_auc": 0.7975757575757575,
    "pr_auc": 0.8413874740075487,
    "brier": 0.19409082944541908,
    "best_params": {
        "n_estimators": 283,
        "max_depth": 6,
        "learning_rate": 0.05204312361335883,
        "num_leaves": 60,
        "min_child_samples": 33,
        "subsample": 0.8881130295925999,
        "colsample_bytree": 0.6813984929557163,
        "reg_alpha": 9.964653101065462,
        "reg_lambda": 4.672841516819367
    }
}