{
    "model": "LightGBM",
    "accuracy": 0.7228915662650602,
    "roc_auc": 0.7896969696969697,
    "pr_auc": 0.8352928972773057,
    "brier": 0.19275011122038488,
    "best_params": {
        "n_estimators": 179,
        "max_depth": 5,
        "learning_rate": 0.09782214325492135,
        "num_leaves": 32,
        "min_child_samples": 35,
        "subsample": 0.7761594398325894,
        "colsample_bytree": 0.8161043047240689,
        "reg_alpha": 9.995391088271058,
        "reg_lambda": 3.498714034326121
    }
}