{
    "model": "LightGBM",
    "accuracy": 0.7469879518072289,
    "roc_auc": 0.8024242424242425,
    "pr_auc": 0.8466412432940242,
    "brier": 0.1971996818633321,
    "best_params": {
        "n_estimators": 100,
        "max_depth": 5,
        "learning_rate": 0.03083968432524578,
        "num_leaves": 24,
        "min_child_samples": 50,
        "subsample": 0.9509018882459628,
        "colsample_bytree": 0.9181304141154691,
        "reg_alpha": 9.984093528660415,
        "reg_lambda": 2.1351480451751454
    }
}