{
    "model": "LightGBM",
    "accuracy": 0.7590361445783133,
    "roc_auc": 0.7972727272727272,
    "pr_auc": 0.8390861553634208,
    "brier": 0.19445822217748082,
    "best_params": {
        "n_estimators": 318,
        "max_depth": 10,
        "learning_rate": 0.017909051422978012,
        "num_leaves": 56,
        "min_child_samples": 21,
        "subsample": 0.8896779823534866,
        "colsample_bytree": 0.6674074833495806,
        "reg_alpha": 9.99609041808344,
        "reg_lambda": 2.1477927603219675
    }
}