{
    "model": "LightGBM",
    "accuracy": 0.7228915662650602,
    "roc_auc": 0.8027272727272727,
    "pr_auc": 0.8419077034104164,
    "brier": 0.1912800937190458,
    "best_params": {
        "n_estimators": 394,
        "max_depth": 6,
        "learning_rate": 0.07124237397539307,
        "num_leaves": 20,
        "min_child_samples": 46,
        "subsample": 0.7909883543158385,
        "colsample_bytree": 0.9363160160619407,
        "reg_alpha": 9.960000243426165,
        "reg_lambda": 1.0026892802327756
    }
}