{
    "model": "Logistic Regression",
    "accuracy": 0.6506024096385542,
    "roc_auc": 0.6836363636363637,
    "pr_auc": 0.7690318798639704,
    "brier": 0.22931276814092955
}