{
    "model": "Logistic Regression",
    "accuracy": 0.5903614457831325,
    "roc_auc": 0.6333333333333334,
    "pr_auc": 0.7145444194093734,
    "brier": 0.22930620668269552
}