{
    "model": "Logistic Regression",
    "accuracy": 0.6987951807228916,
    "roc_auc": 0.6890909090909091,
    "pr_auc": 0.7598819393018523,
    "brier": 0.22548062884490083
}