{
    "model": "Logistic Regression",
    "accuracy": 0.6506024096385542,
    "roc_auc": 0.6836363636363636,
    "pr_auc": 0.7689275973690202,
    "brier": 0.2293030214688589
}