{
  "test_auc": 0.7151515151515151,
  "test_accuracy": 0.6024096385542169,
  "test_pr_auc": 0.781216075843555,
  "test_brier": 0.222633148605984
}