{
  "test_auc": 0.7139393939393939,
  "test_accuracy": 0.6024096385542169,
  "test_pr_auc": 0.7790386952119307,
  "test_brier": 0.22799303020599218
}