{
    "model": "XGBoost",
    "accuracy": 0.6385542168674698,
    "roc_auc": 0.6709090909090909,
    "pr_auc": 0.7715402659899921,
    "brier": 0.24161110173497774
}