{
    "model": "XGBoost",
    "accuracy": 0.5903614457831325,
    "roc_auc": 0.6199999999999999,
    "pr_auc": 0.7601685446633664,
    "brier": 0.2643545646564267
}