{
    "model": "XGBoost",
    "accuracy": 0.6385542168674698,
    "roc_auc": 0.6721212121212121,
    "pr_auc": 0.7769739431359064,
    "brier": 0.24599343846500965
}